Benchmark Set,Instance Name,Best Known Solution,Relaxed Bound,Optimality Gap (%),Bound From,Service Time,Baldacci et al. (2012),
AFG,rbg010a.tw,671,*,*,Ascheuer et al. (2001),522,149,671
AFG,rbg016a.tw,938,*,*,Ascheuer et al. (2001),759,179,938
AFG,rbg016b.tw,1304,*,*,Ascheuer et al. (2001),1162,142,1304
AFG,rbg017.2.tw,852,*,*,Ascheuer et al. (2001),745,107,852
AFG,rbg017.tw,893,*,*,Ascheuer et al. (2001),745,148,893
AFG,rbg017a.tw,4296,*,*,Ascheuer et al. (2001),4150,146,4296
AFG,rbg019a.tw,1262,*,*,Ascheuer et al. (2001),1045,217,1262
AFG,rbg019b.tw,1866,*,*,Ascheuer et al. (2001),1684,182,1866
AFG,rbg019c.tw,4536,*,*,Ascheuer et al. (2001),4346,190,4536
AFG,rbg019d.tw,1356,*,*,Ascheuer et al. (2001),1012,344,1356
AFG,rbg020a.tw,4689,*,*,Ascheuer et al. (2001),4479,210,4689
AFG,rbg021.2.tw,4528,*,*,Ascheuer et al. (2001),4346,182,4528
AFG,rbg021.3.tw,4528,*,*,Ascheuer et al. (2001),4346,182,4528
AFG,rbg021.4.tw,4525,*,*,Ascheuer et al. (2001),4346,179,4525
AFG,rbg021.5.tw,4515,*,*,Ascheuer et al. (2001),4346,169,4515
AFG,rbg021.6.tw,4480,*,*,Ascheuer et al. (2001),4346,134,4480
AFG,rbg021.7.tw,4479,*,*,Ascheuer et al. (2001),4346,133,4479
AFG,rbg021.8.tw,4478,*,*,Ascheuer et al. (2001),4346,132,4478
AFG,rbg021.9.tw,4478,*,*,Ascheuer et al. (2001),4346,132,4478
AFG,rbg021.tw,4536,*,*,Ascheuer et al. (2001),4346,190,4536
AFG,rbg027a.tw,5091,*,*,Ascheuer et al. (2001),4823,268,5091
AFG,rbg031a.tw,1863,*,*,Ascheuer et al. (2001),1535,328,1863
AFG,rbg033a.tw,2069,*,*,Ascheuer et al. (2001),1636,433,2069
AFG,rbg034a.tw,2222,*,*,Ascheuer et al. (2001),1819,403,2222
AFG,rbg035a.2.tw,2056,*,*,Ascheuer et al. (2001),1890,166,2056
AFG,rbg035a.tw,2144,*,*,Ascheuer et al. (2001),1890,254,2144
AFG,rbg038a.tw,2480,*,*,Ascheuer et al. (2001),2014,466,2480
AFG,rbg040a.tw,2378,*,*,Ascheuer et al. (2001),1992,386,2378
AFG,rbg041a.tw,2598,*,*,Focacci et al. (2002),2196,402,2598
AFG,rbg042a.tw,2772,*,*,Focacci et al. (2002),2361,411,2772
AFG,rbg048a.tw,9383,*,*,Dash et al. (2012),8896,487,9383
AFG,rbg049a.tw,10018,10006.1,2.5,Baldacci et al. (2012),9534,472.1,10006.1
AFG,rbg050a.tw,2953,*,*,Ascheuer et al. (2001),2539,414,2953
AFG,rbg050b.tw,9863,9855.8,1.40000000000001,Baldacci et al. (2012),9351,504.8,9855.8
AFG,rbg050c.tw,10024,10020.4,0.700000000000003,Baldacci et al. (2012),9498,522.4,10020.4
AFG,rbg055a.tw,3761,*,*,Ascheuer et al. (2001),2947,814,3761
AFG,rbg067a.tw,4625,*,*,Ascheuer et al. (2001),3577,1048,4625
AFG,rbg086a.tw,8400,*,*,Dash et al. (2012),7349,1051,8400
AFG,rbg092a.tw,7158,*,*,Dash et al. (2012),6065,1093,7158
AFG,rbg125a.tw,7936,*,*,Ascheuer et al. (2001),6527,1409,7936
AFG,rbg132.2.tw,8191,*,*,Dash et al. (2012),7108,1083,8191
AFG,rbg132.tw,8468,*,*,Dash et al. (2012),7108,1360,8468
AFG,rbg152.3.tw,9788,*,*,Dash et al. (2012),8249,1539,9788
AFG,rbg152.tw,10032,*,*,Dash et al. (2012),8249,1783,10032
AFG,rbg172a.tw,10950,*,*,Dash et al. (2012),9151,1799,10950
AFG,rbg193.2.tw,12138,12136.3,0.01,Baldacci et al. (2012),10121,2015.3,12136.3
AFG,rbg193.tw,12535,*,*,Dash et al. (2012),10121,2414,12535
AFG,rbg201a.tw,12948,*,*,Dash et al. (2012),10759,2189,12948
AFG,rbg233.2.tw,14492,14491,*,Baldacci et al. (2012),12303,2188,14491
AFG,rbg233.tw,14992,*,*,Dash et al. (2012),12303,2689,14992
Dumas,n100w20.001.txt,738,*,*,Dumas et al. (1995),,,
Dumas,n100w20.002.txt,715,*,*,Dumas et al. (1995),,,
Dumas,n100w20.003.txt,762,*,*,Dumas et al. (1995),,,
Dumas,n100w20.004.txt,799,*,*,Dumas et al. (1995),,,
Dumas,n100w20.005.txt,774,*,*,Dumas et al. (1995),,,
Dumas,n100w40.001.txt,770,*,*,Dumas et al. (1995),,,
Dumas,n100w40.002.txt,653,*,*,Dumas et al. (1995),,,
Dumas,n100w40.003.txt,736,*,*,Dumas et al. (1995),,,
Dumas,n100w40.004.txt,651,*,*,Dumas et al. (1995),,,
Dumas,n100w40.005.txt,699,*,*,Dumas et al. (1995),,,
Dumas,n100w60.001.txt,655,*,*,Kuroiwa and Beck (2023a),,,
Dumas,n100w60.002.txt,659,*,*,Dumas et al. (1995),,,
Dumas,n100w60.003.txt,744,*,*,Kuroiwa and Beck (2023a),,,
Dumas,n100w60.004.txt,764,*,*,Dumas et al. (1995),,,
Dumas,n100w60.005.txt,661,*,*,Dumas et al. (1995),,,
Dumas,n150w20.001.txt,925,*,*,Dumas et al. (1995),,,
Dumas,n150w20.002.txt,864,*,*,Dumas et al. (1995),,,
Dumas,n150w20.003.txt,834,*,*,Dumas et al. (1995),,,
Dumas,n150w20.004.txt,873,*,*,Dumas et al. (1995),,,
Dumas,n150w20.005.txt,846,*,*,Dumas et al. (1995),,,
Dumas,n150w40.001.txt,918,*,*,Dumas et al. (1995),,,
Dumas,n150w40.002.txt,941,*,*,Dumas et al. (1995),,,
Dumas,n150w40.003.txt,727,*,*,Dumas et al. (1995),,,
Dumas,n150w40.004.txt,764,*,*,Dumas et al. (1995),,,
Dumas,n150w40.005.txt,824,*,*,Dumas et al. (1995),,,
Dumas,n150w60.001.txt,859,*,*,Dumas et al. (1995),,,
Dumas,n150w60.002.txt,782,*,*,Dumas et al. (1995),,,
Dumas,n150w60.003.txt,793,*,*,Dumas et al. (1995),,,
Dumas,n150w60.004.txt,819,*,*,Dumas et al. (1995),,,
Dumas,n150w60.005.txt,840,*,*,Dumas et al. (1995),,,
Dumas,n200w20.001.txt,1019,*,*,Dumas et al. (1995),,,
Dumas,n200w20.002.txt,972,*,*,Dumas et al. (1995),,,
Dumas,n200w20.003.txt,1050,*,*,Dumas et al. (1995),,,
Dumas,n200w20.004.txt,984,*,*,Dumas et al. (1995),,,
Dumas,n200w20.005.txt,1020,*,*,Dumas et al. (1995),,,
Dumas,n200w40.001.txt,1023,*,*,Dumas et al. (1995),,,
Dumas,n200w40.002.txt,948,*,*,Dumas et al. (1995),,,
Dumas,n200w40.003.txt,933,*,*,Dumas et al. (1995),,,
Dumas,n200w40.004.txt,980,*,*,Dumas et al. (1995),,,
Dumas,n200w40.005.txt,1037,*,*,Dumas et al. (1995),,,
Dumas,n20w100.001.txt,237,*,*,Dumas et al. (1995),,,
Dumas,n20w100.002.txt,222,*,*,Dumas et al. (1995),,,
Dumas,n20w100.003.txt,310,*,*,Dumas et al. (1995),,,
Dumas,n20w100.004.txt,349,*,*,Dumas et al. (1995),,,
Dumas,n20w100.005.txt,258,*,*,Dumas et al. (1995),,,
Dumas,n20w20.001.txt,378,*,*,Dumas et al. (1995),,,
Dumas,n20w20.002.txt,286,*,*,Dumas et al. (1995),,,
Dumas,n20w20.003.txt,394,*,*,Dumas et al. (1995),,,
Dumas,n20w20.004.txt,396,*,*,Dumas et al. (1995),,,
Dumas,n20w20.005.txt,352,*,*,Dumas et al. (1995),,,
Dumas,n20w40.001.txt,254,*,*,Dumas et al. (1995),,,
Dumas,n20w40.002.txt,333,*,*,Dumas et al. (1995),,,
Dumas,n20w40.003.txt,317,*,*,Dumas et al. (1995),,,
Dumas,n20w40.004.txt,388,*,*,Dumas et al. (1995),,,
Dumas,n20w40.005.txt,288,*,*,Dumas et al. (1995),,,
Dumas,n20w60.001.txt,335,*,*,Dumas et al. (1995),,,
Dumas,n20w60.002.txt,244,*,*,Dumas et al. (1995),,,
Dumas,n20w60.003.txt,352,*,*,Dumas et al. (1995),,,
Dumas,n20w60.004.txt,280,*,*,Dumas et al. (1995),,,
Dumas,n20w60.005.txt,338,*,*,Dumas et al. (1995),,,
Dumas,n20w80.001.txt,329,*,*,Dumas et al. (1995),,,
Dumas,n20w80.002.txt,338,*,*,Dumas et al. (1995),,,
Dumas,n20w80.003.txt,320,*,*,Dumas et al. (1995),,,
Dumas,n20w80.004.txt,304,*,*,Dumas et al. (1995),,,
Dumas,n20w80.005.txt,264,*,*,Dumas et al. (1995),,,
Dumas,n40w100.001.txt,429,*,*,Dumas et al. (1995),,,
Dumas,n40w100.002.txt,358,*,*,Dumas et al. (1995),,,
Dumas,n40w100.003.txt,364,*,*,Dumas et al. (1995),,,
Dumas,n40w100.004.txt,357,*,*,Dumas et al. (1995),,,
Dumas,n40w100.005.txt,377,*,*,Dumas et al. (1995),,,
Dumas,n40w20.001.txt,500,*,*,Dumas et al. (1995),,,
Dumas,n40w20.002.txt,552,*,*,Dumas et al. (1995),,,
Dumas,n40w20.003.txt,478,*,*,Dumas et al. (1995),,,
Dumas,n40w20.004.txt,404,*,*,Dumas et al. (1995),,,
Dumas,n40w20.005.txt,499,*,*,Dumas et al. (1995),,,
Dumas,n40w40.001.txt,465,*,*,Dumas et al. (1995),,,
Dumas,n40w40.002.txt,461,*,*,Dumas et al. (1995),,,
Dumas,n40w40.003.txt,474,*,*,Dumas et al. (1995),,,
Dumas,n40w40.004.txt,452,*,*,Dumas et al. (1995),,,
Dumas,n40w40.005.txt,453,*,*,Dumas et al. (1995),,,
Dumas,n40w60.001.txt,494,*,*,Dumas et al. (1995),,,
Dumas,n40w60.002.txt,470,*,*,Dumas et al. (1995),,,
Dumas,n40w60.003.txt,408,*,*,Dumas et al. (1995),,,
Dumas,n40w60.004.txt,382,*,*,Dumas et al. (1995),,,
Dumas,n40w60.005.txt,328,*,*,Dumas et al. (1995),,,
Dumas,n40w80.001.txt,395,*,*,Dumas et al. (1995),,,
Dumas,n40w80.002.txt,431,*,*,Dumas et al. (1995),,,
Dumas,n40w80.003.txt,412,*,*,Dumas et al. (1995),,,
Dumas,n40w80.004.txt,417,*,*,Dumas et al. (1995),,,
Dumas,n40w80.005.txt,344,*,*,Dumas et al. (1995),,,
Dumas,n60w100.001.txt,515,*,*,Dumas et al. (1995),,,
Dumas,n60w100.002.txt,538,*,*,Dumas et al. (1995),,,
Dumas,n60w100.003.txt,560,*,*,Dumas et al. (1995),,,
Dumas,n60w100.004.txt,510,*,*,Dumas et al. (1995),,,
Dumas,n60w100.005.txt,451,*,*,Dumas et al. (1995),,,
Dumas,n60w20.001.txt,551,*,*,Dumas et al. (1995),,,
Dumas,n60w20.002.txt,605,*,*,Dumas et al. (1995),,,
Dumas,n60w20.003.txt,533,*,*,Dumas et al. (1995),,,
Dumas,n60w20.004.txt,616,*,*,Dumas et al. (1995),,,
Dumas,n60w20.005.txt,603,*,*,Dumas et al. (1995),,,
Dumas,n60w40.001.txt,591,*,*,Dumas et al. (1995),,,
Dumas,n60w40.002.txt,621,*,*,Dumas et al. (1995),,,
Dumas,n60w40.003.txt,603,*,*,Dumas et al. (1995),,,
Dumas,n60w40.004.txt,597,*,*,Dumas et al. (1995),,,
Dumas,n60w40.005.txt,539,*,*,Dumas et al. (1995),,,
Dumas,n60w60.001.txt,609,*,*,Dumas et al. (1995),,,
Dumas,n60w60.002.txt,566,*,*,Dumas et al. (1995),,,
Dumas,n60w60.003.txt,485,*,*,Dumas et al. (1995),,,
Dumas,n60w60.004.txt,571,*,*,Dumas et al. (1995),,,
Dumas,n60w60.005.txt,569,*,*,Dumas et al. (1995),,,
Dumas,n60w80.001.txt,458,*,*,Dumas et al. (1995),,,
Dumas,n60w80.002.txt,498,*,*,Dumas et al. (1995),,,
Dumas,n60w80.003.txt,550,*,*,Dumas et al. (1995),,,
Dumas,n60w80.004.txt,566,*,*,Dumas et al. (1995),,,
Dumas,n60w80.005.txt,468,*,*,Dumas et al. (1995),,,
Dumas,n80w20.001.txt,616,*,*,Dumas et al. (1995),,,
Dumas,n80w20.002.txt,737,*,*,Dumas et al. (1995),,,
Dumas,n80w20.003.txt,667,*,*,Dumas et al. (1995),,,
Dumas,n80w20.004.txt,615,*,*,Dumas et al. (1995),,,
Dumas,n80w20.005.txt,748,*,*,Dumas et al. (1995),,,
Dumas,n80w40.001.txt,606,*,*,Dumas et al. (1995),,,
Dumas,n80w40.002.txt,618,*,*,Dumas et al. (1995),,,
Dumas,n80w40.003.txt,674,*,*,Dumas et al. (1995),,,
Dumas,n80w40.004.txt,557,*,*,Dumas et al. (1995),,,
Dumas,n80w40.005.txt,695,*,*,Dumas et al. (1995),,,
Dumas,n80w60.001.txt,554,*,*,Dumas et al. (1995),,,
Dumas,n80w60.002.txt,633,*,*,Dumas et al. (1995),,,
Dumas,n80w60.003.txt,651,*,*,Dumas et al. (1995),,,
Dumas,n80w60.004.txt,619,*,*,Dumas et al. (1995),,,
Dumas,n80w60.005.txt,575,*,*,Dumas et al. (1995),,,
Dumas,n80w80.001.txt,624,*,*,Dumas et al. (1995),,,
Dumas,n80w80.002.txt,592,*,*,Dumas et al. (1995),,,
Dumas,n80w80.003.txt,589,*,*,Dumas et al. (1995),,,
Dumas,n80w80.004.txt,594,*,*,Dumas et al. (1995),,,
Dumas,n80w80.005.txt,570,*,*,Dumas et al. (1995),,,
GendreauDumas,n100w100.001.txt,643,*,*,Baldacci et al. (2012),,643,
GendreauDumas,n100w100.002.txt,619,618,*,Baldacci et al. (2012),,618,
GendreauDumas,n100w100.003.txt,685,*,*,Baldacci et al. (2012),,685,
GendreauDumas,n100w100.004.txt,684,*,*,Baldacci et al. (2012),,684,
GendreauDumas,n100w100.005.txt,572,*,*,Baldacci et al. (2012),,572,
GendreauDumas,n100w120.001.txt,629,*,*,Baldacci et al. (2012),,629,
GendreauDumas,n100w120.002.txt,540,*,*,Baldacci et al. (2012),,540,
GendreauDumas,n100w120.003.txt,617,615,*,Baldacci et al. (2012),,615,
GendreauDumas,n100w120.004.txt,663,662,*,Baldacci et al. (2012),,662,
GendreauDumas,n100w120.005.txt,537,*,*,Baldacci et al. (2012),,537,
GendreauDumas,n100w140.001.txt,604,603,*,Baldacci et al. (2012),,603,
GendreauDumas,n100w140.002.txt,615,613,*,Baldacci et al. (2012),,613,
GendreauDumas,n100w140.003.txt,481,*,*,Baldacci et al. (2012),,481,
GendreauDumas,n100w140.004.txt,533,*,*,Baldacci et al. (2012),,533,
GendreauDumas,n100w140.005.txt,509,*,*,Baldacci et al. (2012),,509,
GendreauDumas,n100w160.001.txt,582,*,*,Baldacci et al. (2012),,582,
GendreauDumas,n100w160.002.txt,532,530,*,Baldacci et al. (2012),,530,
GendreauDumas,n100w160.003.txt,495,*,*,Baldacci et al. (2012),,495,
GendreauDumas,n100w160.004.txt,580,*,*,Baldacci et al. (2012),,580,
GendreauDumas,n100w160.005.txt,586,*,*,Baldacci et al. (2012),,586,
GendreauDumas,n100w80.001.txt,670,*,*,Baldacci et al. (2012),,670,
GendreauDumas,n100w80.002.txt,668,666,*,Baldacci et al. (2012),,666,
GendreauDumas,n100w80.003.txt,691,*,*,Baldacci et al. (2012),,691,
GendreauDumas,n100w80.004.txt,700,*,*,Baldacci et al. (2012),,700,
GendreauDumas,n100w80.005.txt,603,*,*,Baldacci et al. (2012),,603,
GendreauDumas,n20w120.001.txt,267,*,*,Baldacci et al. (2012),,267,
GendreauDumas,n20w120.002.txt,218,*,*,Baldacci et al. (2012),,218,
GendreauDumas,n20w120.003.txt,303,*,*,Baldacci et al. (2012),,303,
GendreauDumas,n20w120.004.txt,300,*,*,Baldacci et al. (2012),,300,
GendreauDumas,n20w120.005.txt,240,*,*,Baldacci et al. (2012),,240,
GendreauDumas,n20w140.001.txt,176,*,*,Baldacci et al. (2012),,176,
GendreauDumas,n20w140.002.txt,272,*,*,Baldacci et al. (2012),,272,
GendreauDumas,n20w140.003.txt,236,*,*,Baldacci et al. (2012),,236,
GendreauDumas,n20w140.004.txt,255,*,*,Baldacci et al. (2012),,255,
GendreauDumas,n20w140.005.txt,225,*,*,Baldacci et al. (2012),,225,
GendreauDumas,n20w160.001.txt,241,*,*,Baldacci et al. (2012),,241,
GendreauDumas,n20w160.002.txt,201,*,*,Baldacci et al. (2012),,201,
GendreauDumas,n20w160.003.txt,201,*,*,Baldacci et al. (2012),,201,
GendreauDumas,n20w160.004.txt,203,*,*,Baldacci et al. (2012),,203,
GendreauDumas,n20w160.005.txt,245,*,*,Baldacci et al. (2012),,245,
GendreauDumas,n20w180.001.txt,253,*,*,Baldacci et al. (2012),,253,
GendreauDumas,n20w180.002.txt,265,*,*,Baldacci et al. (2012),,265,
GendreauDumas,n20w180.003.txt,271,*,*,Baldacci et al. (2012),,271,
GendreauDumas,n20w180.004.txt,201,*,*,Baldacci et al. (2012),,201,
GendreauDumas,n20w180.005.txt,193,*,*,Baldacci et al. (2012),,193,
GendreauDumas,n20w200.001.txt,233,*,*,Baldacci et al. (2012),,233,
GendreauDumas,n20w200.002.txt,203,*,*,Baldacci et al. (2012),,203,
GendreauDumas,n20w200.003.txt,249,*,*,Baldacci et al. (2012),,249,
GendreauDumas,n20w200.004.txt,293,*,*,Rudich et al. (2023),,289.484,
GendreauDumas,n20w200.005.txt,227,*,*,Baldacci et al. (2012),,227,
GendreauDumas,n40w120.001.txt,434,*,*,Baldacci et al. (2012),,434,
GendreauDumas,n40w120.002.txt,445,*,*,Rudich et al. (2023),,444,The optimal reported by Baldacci is wrong.
GendreauDumas,n40w120.003.txt,357,*,*,Baldacci et al. (2012),,357,
GendreauDumas,n40w120.004.txt,303,*,*,Baldacci et al. (2012),,303,
GendreauDumas,n40w120.005.txt,350,*,*,Baldacci et al. (2012),,350,
GendreauDumas,n40w140.001.txt,328,*,*,Baldacci et al. (2012),,328,
GendreauDumas,n40w140.002.txt,383,*,*,Baldacci et al. (2012),,383,
GendreauDumas,n40w140.003.txt,398,*,*,Baldacci et al. (2012),,398,
GendreauDumas,n40w140.004.txt,342,*,*,Baldacci et al. (2012),,342,
GendreauDumas,n40w140.005.txt,371,*,*,Baldacci et al. (2012),,371,
GendreauDumas,n40w160.001.txt,348,*,*,Baldacci et al. (2012),,348,
GendreauDumas,n40w160.002.txt,337,*,*,Baldacci et al. (2012),,337,
GendreauDumas,n40w160.003.txt,346,*,*,Baldacci et al. (2012),,346,
GendreauDumas,n40w160.004.txt,288,*,*,Baldacci et al. (2012),,288,
GendreauDumas,n40w160.005.txt,315,*,*,Baldacci et al. (2012),,315,
GendreauDumas,n40w180.001.txt,337,*,*,Baldacci et al. (2012),,337,
GendreauDumas,n40w180.002.txt,347,*,*,Baldacci et al. (2012),,347,
GendreauDumas,n40w180.003.txt,279,*,*,Baldacci et al. (2012),,279,
GendreauDumas,n40w180.004.txt,354,*,*,Baldacci et al. (2012),,354,
GendreauDumas,n40w180.005.txt,335,*,*,Baldacci et al. (2012),,335,
GendreauDumas,n40w200.001.txt,330,*,*,Baldacci et al. (2012),,330,
GendreauDumas,n40w200.002.txt,303,*,*,Rudich et al. (2023),,302.091,
GendreauDumas,n40w200.003.txt,339,*,*,Baldacci et al. (2012),,339,
GendreauDumas,n40w200.004.txt,301,*,*,Baldacci et al. (2012),,301,
GendreauDumas,n40w200.005.txt,296,*,*,Baldacci et al. (2012),,296,
GendreauDumas,n60w120.001.txt,384,*,*,Baldacci et al. (2012),,384,
GendreauDumas,n60w120.002.txt,427,426,*,Baldacci et al. (2012),,426,
GendreauDumas,n60w120.003.txt,407,*,*,Baldacci et al. (2012),,407,
GendreauDumas,n60w120.004.txt,490,*,*,Baldacci et al. (2012),,490,
GendreauDumas,n60w120.005.txt,547,*,*,Baldacci et al. (2012),,547,
GendreauDumas,n60w140.001.txt,423,*,*,Baldacci et al. (2012),,423,
GendreauDumas,n60w140.002.txt,462,*,*,Baldacci et al. (2012),,462,
GendreauDumas,n60w140.003.txt,427,*,*,Baldacci et al. (2012),,427,
GendreauDumas,n60w140.004.txt,488,*,*,Baldacci et al. (2012),,488,
GendreauDumas,n60w140.005.txt,460,*,*,Baldacci et al. (2012),,460,
GendreauDumas,n60w160.001.txt,560,*,*,Baldacci et al. (2012),,560,
GendreauDumas,n60w160.002.txt,423,*,*,Baldacci et al. (2012),,423,
GendreauDumas,n60w160.003.txt,434,*,*,Baldacci et al. (2012),,434,
GendreauDumas,n60w160.004.txt,401,*,*,Baldacci et al. (2012),,401,
GendreauDumas,n60w160.005.txt,502,501,*,Baldacci et al. (2012),,501,
GendreauDumas,n60w180.001.txt,411,*,*,Baldacci et al. (2012),,411,
GendreauDumas,n60w180.002.txt,399,*,*,Baldacci et al. (2012),,399,
GendreauDumas,n60w180.003.txt,445,444,*,Baldacci et al. (2012),,444,
GendreauDumas,n60w180.004.txt,456,*,*,Baldacci et al. (2012),,456,
GendreauDumas,n60w180.005.txt,395,*,*,Baldacci et al. (2012),,395,
GendreauDumas,n60w200.001.txt,410,*,*,Baldacci et al. (2012),,410,
GendreauDumas,n60w200.002.txt,414,*,*,Baldacci et al. (2012),,414,
GendreauDumas,n60w200.003.txt,455,*,*,Baldacci et al. (2012),,455,
GendreauDumas,n60w200.004.txt,431,*,*,Baldacci et al. (2012),,431,
GendreauDumas,n60w200.005.txt,427,*,*,Baldacci et al. (2012),,427,
GendreauDumas,n80w100.001.txt,565,541,*,Baldacci et al. (2012),,541,
GendreauDumas,n80w100.002.txt,567,*,*,Baldacci et al. (2012),,567,
GendreauDumas,n80w100.003.txt,580,578,*,Baldacci et al. (2012),,578,
GendreauDumas,n80w100.004.txt,649,*,*,Rudich et al. (2023),,645.408,The optimal reported by Baldacci is wrong.
GendreauDumas,n80w100.005.txt,532,*,*,Baldacci et al. (2012),,532,
GendreauDumas,n80w120.001.txt,498,*,*,Baldacci et al. (2012),,498,
GendreauDumas,n80w120.002.txt,577,*,*,Baldacci et al. (2012),,577,
GendreauDumas,n80w120.003.txt,540,*,*,Baldacci et al. (2012),,540,
GendreauDumas,n80w120.004.txt,501,*,*,Baldacci et al. (2012),,501,
GendreauDumas,n80w120.005.txt,591,*,*,Baldacci et al. (2012),,591,
GendreauDumas,n80w140.001.txt,512,511,*,Baldacci et al. (2012),,511,
GendreauDumas,n80w140.002.txt,470,*,*,Baldacci et al. (2012),,470,
GendreauDumas,n80w140.003.txt,580,*,*,Baldacci et al. (2012),,580,
GendreauDumas,n80w140.004.txt,423,422,*,Baldacci et al. (2012),,422,
GendreauDumas,n80w140.005.txt,545,*,*,Baldacci et al. (2012),,545,
GendreauDumas,n80w160.001.txt,506,*,*,Baldacci et al. (2012),,506,
GendreauDumas,n80w160.002.txt,549,548,*,Baldacci et al. (2012),,548,
GendreauDumas,n80w160.003.txt,521,*,*,Baldacci et al. (2012),,521,
GendreauDumas,n80w160.004.txt,509,*,*,Baldacci et al. (2012),,509,
GendreauDumas,n80w160.005.txt,439,438,*,Baldacci et al. (2012),,438,
GendreauDumas,n80w180.001.txt,551,*,*,Baldacci et al. (2012),,551,
GendreauDumas,n80w180.002.txt,479,478,*,Baldacci et al. (2012),,478,
GendreauDumas,n80w180.003.txt,524,*,*,Baldacci et al. (2012),,524,
GendreauDumas,n80w180.004.txt,479,*,*,Baldacci et al. (2012),,479,
GendreauDumas,n80w180.005.txt,470,*,*,Baldacci et al. (2012),,470,
GendreauDumas,n80w200.001.txt,490,*,*,Baldacci et al. (2012),,490,
GendreauDumas,n80w200.002.txt,488,*,*,Baldacci et al. (2012),,488,
GendreauDumas,n80w200.003.txt,464,*,*,Baldacci et al. (2012),,464,
GendreauDumas,n80w200.004.txt,526,*,*,Baldacci et al. (2012),,526,
GendreauDumas,n80w200.005.txt,439,*,*,Baldacci et al. (2012),,439,
Langevin,N20ft301.dat,661.6,*,*,Baldacci et al. (2012),,,
Langevin,N20ft302.dat,684.2,*,*,Baldacci et al. (2012),,,
Langevin,N20ft303.dat,746.4,*,*,Baldacci et al. (2012),,,
Langevin,N20ft304.dat,817,*,*,Baldacci et al. (2012),,,
Langevin,N20ft305.dat,716.5,*,*,Baldacci et al. (2012),,,
Langevin,N20ft306.dat,727.8,*,*,Baldacci et al. (2012),,,
Langevin,N20ft307.dat,691.8,*,*,Baldacci et al. (2012),,,
Langevin,N20ft308.dat,788.2,*,*,Baldacci et al. (2012),,,
Langevin,N20ft309.dat,730.7,*,*,Baldacci et al. (2012),,,
Langevin,N20ft310.dat,683,*,*,Baldacci et al. (2012),,,
Langevin,N20ft401.dat,660.8,*,*,Baldacci et al. (2012),,,
Langevin,N20ft402.dat,684.2,*,*,Baldacci et al. (2012),,,
Langevin,N20ft403.dat,746.4,*,*,Baldacci et al. (2012),,,
Langevin,N20ft404.dat,817,*,*,Baldacci et al. (2012),,,
Langevin,N20ft405.dat,716.5,*,*,Baldacci et al. (2012),,,
Langevin,N20ft406.dat,727.8,*,*,Baldacci et al. (2012),,,
Langevin,N20ft407.dat,691.8,*,*,Baldacci et al. (2012),,,
Langevin,N20ft408.dat,757.3,*,*,Baldacci et al. (2012),,,
Langevin,N20ft409.dat,730.7,*,*,Baldacci et al. (2012),,,
Langevin,N20ft410.dat,683,*,*,Baldacci et al. (2012),,,
Langevin,N40ft201.dat,1100.6,*,*,Baldacci et al. (2012),,,
Langevin,N40ft202.dat,1010.4,*,*,Baldacci et al. (2012),,,
Langevin,N40ft203.dat,876.8,*,*,Baldacci et al. (2012),,,
Langevin,N40ft204.dat,885.8,*,*,Baldacci et al. (2012),,,
Langevin,N40ft205.dat,940.9,*,*,Baldacci et al. (2012),,,
Langevin,N40ft206.dat,1054.2,*,*,Baldacci et al. (2012),,,
Langevin,N40ft207.dat,867.5,*,*,Baldacci et al. (2012),,,
Langevin,N40ft208.dat,1050.7,*,*,Baldacci et al. (2012),,,
Langevin,N40ft209.dat,1013.9,*,*,Baldacci et al. (2012),,,
Langevin,N40ft210.dat,1026.3,*,*,Baldacci et al. (2012),,,
Langevin,N40ft401.dat,1085,*,*,Baldacci et al. (2012),,,
Langevin,N40ft402.dat,995.6,*,*,Baldacci et al. (2012),,,
Langevin,N40ft403.dat,845.8,*,*,Baldacci et al. (2012),,,
Langevin,N40ft404.dat,868,*,*,Baldacci et al. (2012),,,
Langevin,N40ft405.dat,936.5,*,*,Baldacci et al. (2012),,,
Langevin,N40ft406.dat,969.1,*,*,Baldacci et al. (2012),,,
Langevin,N40ft407.dat,831.2,*,*,Baldacci et al. (2012),,,
Langevin,N40ft408.dat,1002.7,*,*,Baldacci et al. (2012),,,
Langevin,N40ft409.dat,1000.5,*,*,Baldacci et al. (2012),,,
Langevin,N40ft410.dat,983.8,*,*,Baldacci et al. (2012),,,
Langevin,N60ft201.dat,1353.5,*,*,Baldacci et al. (2012),,,
Langevin,N60ft202.dat,1161.6,*,*,Baldacci et al. (2012),,,
Langevin,N60ft203.dat,1182.9,*,*,Baldacci et al. (2012),,,
Langevin,N60ft204.dat,1257.5,*,*,Baldacci et al. (2012),,,
Langevin,N60ft205.dat,1184.1,*,*,Baldacci et al. (2012),,,
Langevin,N60ft206.dat,1199.6,*,*,Baldacci et al. (2012),,,
Langevin,N60ft207.dat,1299,*,*,Baldacci et al. (2012),,,
Langevin,N60ft208.dat,1113,*,*,Baldacci et al. (2012),,,
Langevin,N60ft209.dat,1171.3,*,*,Baldacci et al. (2012),,,
Langevin,N60ft210.dat,1234.3,*,*,Baldacci et al. (2012),,,
Langevin,N60ft301.dat,1337,*,*,Baldacci et al. (2012),,,
Langevin,N60ft302.dat,1089.5,*,*,Baldacci et al. (2012),,,
Langevin,N60ft303.dat,1179,*,*,Baldacci et al. (2012),,,
Langevin,N60ft304.dat,1230,*,*,Baldacci et al. (2012),,,
Langevin,N60ft305.dat,1151.6,*,*,Baldacci et al. (2012),,,
Langevin,N60ft306.dat,1167.9,*,*,Baldacci et al. (2012),,,
Langevin,N60ft307.dat,1220.1,*,*,Baldacci et al. (2012),,,
Langevin,N60ft308.dat,1097.6,*,*,Baldacci et al. (2012),,,
Langevin,N60ft309.dat,1140.6,*,*,Baldacci et al. (2012),,,
Langevin,N60ft310.dat,1219.2,*,*,Baldacci et al. (2012),,,
Langevin,N60ft401.dat,1335,*,*,Baldacci et al. (2012),,,
Langevin,N60ft402.dat,1088.1,*,*,Baldacci et al. (2012),,,
Langevin,N60ft403.dat,1173.7,*,*,Baldacci et al. (2012),,,
Langevin,N60ft404.dat,1184.7,*,*,Baldacci et al. (2012),,,
Langevin,N60ft405.dat,1146.2,*,*,Baldacci et al. (2012),,,
Langevin,N60ft406.dat,1140.2,*,*,Baldacci et al. (2012),,,
Langevin,N60ft407.dat,1198.9,*,*,Baldacci et al. (2012),,,
Langevin,N60ft408.dat,1029.4,*,*,Baldacci et al. (2012),,,
Langevin,N60ft409.dat,1121.4,*,*,Baldacci et al. (2012),,,
Langevin,N60ft410.dat,1189.6,*,*,Baldacci et al. (2012),,,
OhlmannThomas,n150w120.001.txt,734,732,*,Baldacci et al. (2012),732,,
OhlmannThomas,n150w120.002.txt,677,*,*,Baldacci et al. (2012),677,,
OhlmannThomas,n150w120.003.txt,747,*,*,Baldacci et al. (2012),747,,
OhlmannThomas,n150w120.004.txt,763,762,*,Baldacci et al. (2012),762,,
OhlmannThomas,n150w120.005.txt,689,*,*,Baldacci et al. (2012),689,,
OhlmannThomas,n150w140.001.txt,762,*,*,Baldacci et al. (2012),762,,
OhlmannThomas,n150w140.002.txt,755,753,*,Baldacci et al. (2012),753,,
OhlmannThomas,n150w140.003.txt,613,*,*,Baldacci et al. (2012),613,,
OhlmannThomas,n150w140.004.txt,676,*,*,Baldacci et al. (2012),676,,
OhlmannThomas,n150w140.005.txt,663,*,*,Baldacci et al. (2012),663,,
OhlmannThomas,n150w160.001.txt,706,704,*,Baldacci et al. (2012),704,,
OhlmannThomas,n150w160.002.txt,711,*,*,Baldacci et al. (2012),711,,
OhlmannThomas,n150w160.003.txt,608,*,*,Baldacci et al. (2012),608,,
OhlmannThomas,n150w160.004.txt,672,*,*,Baldacci et al. (2012),672,,
OhlmannThomas,n150w160.005.txt,658,*,*,Baldacci et al. (2012),658,,
OhlmannThomas,n200w120.001.txt,799,795,*,Baldacci et al. (2012),795,,
OhlmannThomas,n200w120.002.txt,721,*,*,Baldacci et al. (2012),721,,
OhlmannThomas,n200w120.003.txt,880,879,*,Baldacci et al. (2012),879,,
OhlmannThomas,n200w120.004.txt,777,*,*,Baldacci et al. (2012),777,,
OhlmannThomas,n200w120.005.txt,841,840,*,Baldacci et al. (2012),840,,
OhlmannThomas,n200w140.001.txt,834,830,*,Baldacci et al. (2012),830,,
OhlmannThomas,n200w140.002.txt,760,*,*,Baldacci et al. (2012),760,,
OhlmannThomas,n200w140.003.txt,758,*,*,Baldacci et al. (2012),758,,
OhlmannThomas,n200w140.004.txt,816,807.1,1.3,Baldacci et al. (2012),807.1,,
OhlmannThomas,n200w140.005.txt,822,*,*,Baldacci et al. (2012),822,,
SolomonPesant,rc201.0,628.62,*,*,Focacci et al. (2002),250,378.62,628.62
SolomonPesant,rc201.1,654.7,*,*,Focacci et al. (2002),280,374.7,654.7
SolomonPesant,rc201.2,707.65,*,*,Focacci et al. (2002),280,427.65,707.65
SolomonPesant,rc201.3,422.54,*,*,Focacci et al. (2002),190,232.54,422.54
SolomonPesant,rc202.0,496.22,*,*,Focacci et al. (2002),250,246.22,496.22
SolomonPesant,rc202.1,426.53,*,*,Focacci et al. (2002),220,206.53,426.53
SolomonPesant,rc202.2,611.77,*,*,Focacci et al. (2002),270,341.77,611.77
SolomonPesant,rc202.3,627.85,*,*,Focacci et al. (2002),260,367.85,627.85
SolomonPesant,rc203.0,727.45,*,*,Dash et al. (2012),350,377.45,727.45
SolomonPesant,rc203.1,726.99,*,*,Dash et al. (2012),370,356.99,726.99
SolomonPesant,rc203.2,617.46,*,*,Dash et al. (2012),280,337.47,617.47
SolomonPesant,rc204.0,541.45,*,*,Dash et al. (2012),320,221.45,541.45
SolomonPesant,rc204.1,485.37,*,*,Dash et al. (2012),280,205.37,485.37
SolomonPesant,rc204.2,778.4,774.77,0.1,Baldacci et al. (2012),400,374.77,774.77
SolomonPesant,rc205.0,511.65,*,*,Dash et al. (2012),260,251.65,511.65
SolomonPesant,rc205.1,491.22,*,*,Dash et al. (2012),220,271.22,491.22
SolomonPesant,rc205.2,714.69,*,*,Dash et al. (2012),280,434.7,714.7
SolomonPesant,rc205.3,601.24,*,*,Dash et al. (2012),240,361.24,601.24
SolomonPesant,rc206.0,835.23,*,*,Dash et al. (2012),350,485.23,835.23
SolomonPesant,rc206.1,664.73,*,*,Dash et al. (2012),330,334.73,664.73
SolomonPesant,rc206.2,655.37,*,*,Dash et al. (2012),320,335.37,655.37
SolomonPesant,rc207.0,806.69,*,*,Dash et al. (2012),370,436.69,806.69
SolomonPesant,rc207.1,726.36,*,*,Dash et al. (2012),330,396.36,726.36
SolomonPesant,rc207.2,546.41,*,*,Dash et al. (2012),300,246.41,546.41
SolomonPesant,rc208.0,820.56,*,*,Baldacci et al. (2012),440,380.56,820.56
SolomonPesant,rc208.1,509.04,*,*,Dash et al. (2012),270,239.04,509.04
SolomonPesant,rc208.2,503.92,*,*,Dash et al. (2012),290,213.92,503.92
SolomonPotvinBengio,rc_201.1.txt,444.54,*,*,Baldacci et al. (2012),,444.54,
SolomonPotvinBengio,rc_201.2.txt,711.54,*,*,Baldacci et al. (2012),,711.54,
SolomonPotvinBengio,rc_201.3.txt,790.61,*,*,Baldacci et al. (2012),,790.61,
SolomonPotvinBengio,rc_201.4.txt,793.64,*,*,Baldacci et al. (2012),,793.64,
SolomonPotvinBengio,rc_202.1.txt,771.78,*,*,Baldacci et al. (2012),,771.78,
SolomonPotvinBengio,rc_202.2.txt,304.14,*,*,Baldacci et al. (2012),,304.14,
SolomonPotvinBengio,rc_202.3.txt,837.72,*,*,Rudich et al. (2023),,835.87,
SolomonPotvinBengio,rc_202.4.txt,793.03,*,*,Rudich et al. (2023),,791.54,
SolomonPotvinBengio,rc_203.1.txt,453.48,*,*,Baldacci et al. (2012),,453.48,
SolomonPotvinBengio,rc_203.2.txt,784.16,*,*,Baldacci et al. (2012),,784.16,
SolomonPotvinBengio,rc_203.3.txt,817.53,*,*,Baldacci et al. (2012),,817.53,
SolomonPotvinBengio,rc_203.4.txt,314.29,*,*,Baldacci et al. (2012),,314.29,
SolomonPotvinBengio,rc_204.1.txt,878.64,*,*,Baldacci et al. (2012),,878.64,
SolomonPotvinBengio,rc_204.2.txt,662.16,*,*,Baldacci et al. (2012),,662.16,
SolomonPotvinBengio,rc_204.3.txt,455.03,*,*,Baldacci et al. (2012),,455.03,
SolomonPotvinBengio,rc_205.1.txt,343.21,*,*,Baldacci et al. (2012),,343.21,
SolomonPotvinBengio,rc_205.2.txt,755.93,*,*,Baldacci et al. (2012),,755.93,
SolomonPotvinBengio,rc_205.3.txt,825.06,*,*,Baldacci et al. (2012),,825.06,
SolomonPotvinBengio,rc_205.4.txt,760.47,*,*,Rudich et al. (2023),,756.95,
SolomonPotvinBengio,rc_206.1.txt,117.85,*,*,Rudich et al. (2023),,,
SolomonPotvinBengio,rc_206.2.txt,828.06,*,*,Rudich et al. (2023),,826.66,
SolomonPotvinBengio,rc_206.3.txt,574.42,*,*,Baldacci et al. (2012),,574.42,
SolomonPotvinBengio,rc_206.4.txt,831.67,*,*,Rudich et al. (2023),,827.54,
SolomonPotvinBengio,rc_207.1.txt,732.68,*,*,Rudich et al. (2023),,731.57,
SolomonPotvinBengio,rc_207.2.txt,701.25,*,*,Rudich et al. (2023),,694.22,
SolomonPotvinBengio,rc_207.3.txt,682.4,*,*,Rudich et al. (2023),,677.23,
SolomonPotvinBengio,rc_207.4.txt,119.64,*,*,Rudich et al. (2023),,,
SolomonPotvinBengio,rc_208.1.txt,789.25,*,*,Rudich et al. (2023),,785.69,
SolomonPotvinBengio,rc_208.2.txt,533.78,*,*,Baldacci et al. (2012),,533.78,
SolomonPotvinBengio,rc_208.3.txt,634.44,*,*,,,622.48,
